region,forecast_year,predicted_gen_total_ulb_tpd,lower_tpd,upper_tpd,model_name,model_version,generated_at
Amravati,2024,818.23,672.34,964.12,damped_trend_forecaster,1.0.0,2026-10-06T20:55:25.150612+00:00
Amravati,2025,826.54,620.22,1032.86,damped_trend_forecaster,1.0.0,2026-10-06T20:55:25.150612+00:00
Amravati,2026,834.85,582.16,1087.54,damped_trend_forecaster,1.0.0,2026-10-06T20:55:25.150612+00:00
Amravati,2027,843.16,551.38,1134.94,damped_trend_forecaster,1.0.0,2026-10-06T20:55:25.150612+00:00
Aurangabad,2024,1878.87,1807.16,1950.58,damped_trend_forecaster,1.0.0,2026-10-06T20:55:25.150612+00:00
Aurangabad,2025,1899.18,1797.76,2000.6,damped_trend_forecaster,1.0.0,2026-10-06T20:55:25.150612+00:00
Aurangabad,2026,1919.5,1795.29,2043.71,damped_trend_forecaster,1.0.0,2026-10-06T20:55:25.150612+00:00
Aurangabad,2027,1939.82,1796.4,2083.24,damped_trend_forecaster,1.0.0,2026-10-06T20:55:25.150612+00:00
Chandrapur,2024,514.91,472.25,557.57,damped_trend_forecaster,1.0.0,2026-10-06T20:55:25.150612+00:00
Chandrapur,2025,526.36,466.04,586.68,damped_trend_forecaster,1.0.0,2026-10-06T20:55:25.150612+00:00
Chandrapur,2026,537.82,463.94,611.7,damped_trend_forecaster,1.0.0,2026-10-06T20:55:25.150612+00:00
Chandrapur,2027,549.27,463.96,634.58,damped_trend_forecaster,1.0.0,2026-10-06T20:55:25.150612+00:00
Kalyan,2024,1589.63,1517.62,1661.64,damped_trend_forecaster,1.0.0,2026-10-06T20:55:25.150612+00:00
Kalyan,2025,1573.26,1471.42,1675.1,damped_trend_forecaster,1.0.0,2026-10-06T20:55:25.150612+00:00
Kalyan,2026,1556.9,1432.17,1681.63,damped_trend_forecaster,1.0.0,2026-10-06T20:55:25.150612+00:00
Kalyan,2027,1540.53,1396.5,1684.56,damped_trend_forecaster,1.0.0,2026-10-06T20:55:25.150612+00:00
Kolhapur,2024,828.79,799.39,858.19,damped_trend_forecaster,1.0.0,2026-10-06T20:55:25.150612+00:00
Kolhapur,2025,834.44,792.86,876.02,damped_trend_forecaster,1.0.0,2026-10-06T20:55:25.150612+00:00
Kolhapur,2026,840.09,789.17,891.01,damped_trend_forecaster,1.0.0,2026-10-06T20:55:25.150612+00:00
Kolhapur,2027,845.75,786.95,904.55,damped_trend_forecaster,1.0.0,2026-10-06T20:55:25.150612+00:00
Mumbai,2024,6509.26,5547.67,7470.85,damped_trend_forecaster,1.0.0,2026-10-06T20:55:25.150612+00:00
Mumbai,2025,6328.51,4968.62,7688.4,damped_trend_forecaster,1.0.0,2026-10-06T20:55:25.150612+00:00
Mumbai,2026,6147.77,4482.25,7813.29,damped_trend_forecaster,1.0.0,2026-10-06T20:55:25.150612+00:00
Mumbai,2027,5967.03,4043.85,7890.21,damped_trend_forecaster,1.0.0,2026-10-06T20:55:25.150612+00:00
Nagpur,2024,1710.58,1552.38,1868.78,damped_trend_forecaster,1.0.0,2026-10-06T20:55:25.150612+00:00
Nagpur,2025,1733.14,1509.41,1956.87,damped_trend_forecaster,1.0.0,2026-10-06T20:55:25.150612+00:00
Nagpur,2026,1755.71,1481.69,2029.73,damped_trend_forecaster,1.0.0,2026-10-06T20:55:25.150612+00:00
Nagpur,2027,1778.27,1461.86,2094.68,damped_trend_forecaster,1.0.0,2026-10-06T20:55:25.150612+00:00
Nashik,2024,2277.73,2174.45,2381.01,damped_trend_forecaster,1.0.0,2026-10-06T20:55:25.150612+00:00
Nashik,2025,2310.39,2164.33,2456.45,damped_trend_forecaster,1.0.0,2026-10-06T20:55:25.150612+00:00
Nashik,2026,2343.05,2164.17,2521.93,damped_trend_forecaster,1.0.0,2026-10-06T20:55:25.150612+00:00
Nashik,2027,2375.71,2169.15,2582.27,damped_trend_forecaster,1.0.0,2026-10-06T20:55:25.150612+00:00
Navi Mumbai,2024,741.21,688.45,793.97,damped_trend_forecaster,1.0.0,2026-10-06T20:55:25.150612+00:00
Navi Mumbai,2025,739.43,664.82,814.04,damped_trend_forecaster,1.0.0,2026-10-06T20:55:25.150612+00:00
Navi Mumbai,2026,737.64,646.26,829.02,damped_trend_forecaster,1.0.0,2026-10-06T20:55:25.150612+00:00
Navi Mumbai,2027,735.86,630.35,841.37,damped_trend_forecaster,1.0.0,2026-10-06T20:55:25.150612+00:00
Pune,2024,4510.71,4162.03,4859.39,damped_trend_forecaster,1.0.0,2026-10-06T20:55:25.150612+00:00
Pune,2025,4581.53,4088.43,5074.63,damped_trend_forecaster,1.0.0,2026-10-06T20:55:25.150612+00:00
Pune,2026,4652.34,4048.41,5256.27,damped_trend_forecaster,1.0.0,2026-10-06T20:55:25.150612+00:00
Pune,2027,4723.15,4025.8,5420.5,damped_trend_forecaster,1.0.0,2026-10-06T20:55:25.150612+00:00
Raigad,2024,630.81,407.93,853.69,damped_trend_forecaster,1.0.0,2026-10-06T20:55:25.150612+00:00
Raigad,2025,668.25,353.05,983.45,damped_trend_forecaster,1.0.0,2026-10-06T20:55:25.150612+00:00
Raigad,2026,705.7,319.66,1091.74,damped_trend_forecaster,1.0.0,2026-10-06T20:55:25.150612+00:00
Raigad,2027,743.15,297.39,1188.91,damped_trend_forecaster,1.0.0,2026-10-06T20:55:25.150612+00:00
Thane,2024,2178.3,2044.89,2311.71,damped_trend_forecaster,1.0.0,2026-10-06T20:55:25.150612+00:00
Thane,2025,2207.7,2019.02,2396.38,damped_trend_forecaster,1.0.0,2026-10-06T20:55:25.150612+00:00
Thane,2026,2237.09,2006.01,2468.17,damped_trend_forecaster,1.0.0,2026-10-06T20:55:25.150612+00:00
Thane,2027,2266.49,1999.66,2533.32,damped_trend_forecaster,1.0.0,2026-10-06T20:55:25.150612+00:00
